company,tender,code,description,kind,unit,qty_awarded,unit_price,total_price
olimpio,tender_med,006.001.020,ACEBROFILINA 25MG/5ML,Medicamentos,FRC,3000,5.14,15420.00
olimpio,tender_med,006.001.329,CLINDAMICINA 300 MG,Medicamentos,CPR,100000,0.88,88000.00
olimpio,tender_med,006.001.090,CLORIDRATO DE AMBROXOL 15MG/5ML FRS/120ML,Medicamentos,FRC,3000,2.25,6750.00
olimpio,tender_med,006.001.099,CLORIDRATO DE CLORPROMAZINA 100MG,Medicamentos,CPR,10000,0.30,3000.00
olimpio,tender_med,006.001.505,"DEXCLOR+BETAMETASONA 2MG/5ML+0,25MG/5ML",Medicamentos,FRC,3000,2.75,8250.00
olimpio,tender_med,006.001.135,"DICLOFENACO DIETILAMÔNEO GEL 11,6MG/G TBS",Medicamentos,TUB,300,3.38,1014.00
olimpio,tender_med,006.001.645,DIPROPIONATO DE BETAMETASONA+FOSFATO DIA,Medicamentos,AMP,2000,2.89,5780.00
olimpio,tender_med,006.001.899,"FOSFATO DE SÓDIO MONOBÁSICO (0,16G/ML)+FO",Medicamentos,FRC,100,5.70,570.00
olimpio,tender_med,006.001.901,HALOPERIDOL 5 MG,Medicamentos,CPR,10000,0.11,1100.00
olimpio,tender_med,006.001.908,LORATADINA 10 MG,Medicamentos,CPR,20000,0.07,1400.00
olimpio,tender_med,006.001.415,ÓXIDO DE ZINCO 100MG/G+COLECALCIFEROL 400,Medicamentos,TUB,2000,3.11,6220.00
olimpio,tender_med,006.002.369,PREDNISONA 5MG,Medicamentos,CPR,10000,0.05,500.00
olimpio,tender_med,006.002.970,SOL. GLICOFISIOLÓGICA S.F - I.V,Medicamentos,FRC,200,4.90,980.00
olimpio,tender_med,006.001.261,SOLUÇÃO RINGER+ LACTATO FRS/500ML,Medicamentos,FRC,200,5.19,1038.00
lumar_meds,tender_med,006.001.479,"ALOGLIPTINA 12,50 MG",Medicamentos,CPR,12000,4.20,50400.00
lumar_meds,tender_med,006.001.140,DIMENIDRINATO 30MG; CLORIDRATO DE PIRIDOXINA,Medicamentos,AMP,2000,8.56,17120.00
lumar_meds,tender_med,006.001.141,DIMENIDRINATO 50MG; CLOR. DE PIRIDOXINA 10,Medicamentos,CPR,30000,0.63,18900.00
lumar_meds,tender_med,006.001.389,IBUPROFENO 50MG/ML,Medicamentos,FRC,5000,2.43,12150.00
lumar_meds,tender_med,006.001.918,MOMETASONA 1MG/G POMADA,Medicamentos,TUB,300,9.40,2820.00
lumar_meds,tender_med,006.001.530,"PROPIONATO DE CLOBETASOL 0,5MG/G CREME",Medicamentos,TUB,300,4.15,1245.00
lumar_meds,tender_med,006.003.414,VITAMINA D3 50.000 UI,Medicamentos,CPR,10000,0.74,7400.00
aglon,tender_med,006.001.300,ÁCIDO VALPROICO 250 MG,Medicamentos,CPR,20000,0.30,6000.00
aglon,tender_med,006.001.301,ÁCIDO VALPROICO 500 MG,Medicamentos,CPR,5000,0.60,3000.00
aglon,tender_med,006.003.354,ATOMOXETINA 10 MG,Medicamentos,CPR,6000,0.80,4800.00
aglon,tender_med,006.003.222,ATOMOXETINA 40MG,Medicamentos,CPR,6000,3.22,19320.00
aglon,tender_med,006.003.336,ATOMOXETINA 60MG,Medicamentos,CPR,6000,4.83,28980.00
aglon,tender_med,006.001.490,CITRATO DE POTÁSSIO 10 MEQ,Medicamentos,CPR,3000,1.07,3210.00
aglon,tender_med,006.001.123,COLAGENASE C/CLORANF. TBS/30G,Medicamentos,TUB,1000,12.80,12800.00
aglon,tender_med,006.001.466,"DUTASTERIDA 0,5MG+TANSULOSINA 0,4MG",Medicamentos,CPR,20000,2.64,52800.00
aglon,tender_med,006.001.894,FLUVOXAMINA 100 MG,Medicamentos,CPR,3000,3.96,11880.00
aglon,tender_med,006.001.655,FOSFOMICINA TROMETAMOL ENV. 8 G GRANULADO,Medicamentos,ENV,200,17.90,3580.00
aglon,tender_med,006.003.392,OXIBUTININA 5 MG,Medicamentos,CPR,3000,0.90,2700.00
aglon,tender_med,006.001.678,PERINDOPRIL ARGININA 10 MG,Medicamentos,CPR,2000,2.10,4200.00
aglon,tender_med,006.003.395,"PERINDOPRIL ARGININA 10MG+INDAPAMIDA 2,5MG",Medicamentos,CPR,3000,2.90,8700.00
aglon,tender_med,006.001.242,PROPATIL NITRATO 10MG,Medicamentos,CPR,10000,0.575,5750.00
aglon,tender_med,006.001.941,TRAZODONA 100 MG,Medicamentos,CPR,20000,0.439,8780.00
aglon,tender_med,006.001.942,TRAZODONA 50 MG,Medicamentos,UN,20000,0.25,5000.00
aglon,tender_med,002.001.784,TRIMETAZIDINA LP 80 MG,Medicamentos,CPR,2000,3.80,7600.00
aglon,tender_med,006.001.281,VILDAGLIPTINA 50 MG,Medicamentos,CPR,50000,0.45,22500.00
rioclarense,tender_med,006.001.475,ACETATO DE PREDNISOLONA 1% SUSP. OFTÁLMICA,Medicamentos,FR,100,16.29,1629.00
rioclarense,tender_med,006.001.290,ÁCIDO ACETIL SALICÍLICO 100MG,Medicamentos,CPR,200000,0.029,5800.00
rioclarense,tender_med,006.001.044,BACLOFENO 10MG,Medicamentos,CPR,6000,0.12,720.00
rioclarense,tender_med,006.002.167,BROMAZEPAM 6MG,Medicamentos,CPR,30000,0.13,3900.00
rioclarense,tender_med,006.001.055,BUDESONIDA 50MCG,Medicamentos,FRC,500,15.90,7950.00
rioclarense,tender_med,006.001.056,BUDESONIDA 64MCG,Medicamentos,FRC,500,16.40,8200.00
rioclarense,tender_med,006.000.186,CEFALEXINA 500 MG,Medicamentos,CX,10000,0.45,4500.00
rioclarense,tender_med,006.001.080,CETOPROFENO 100MG - I.V FRS/AMP,Medicamentos,F/A,1000,3.999,3999.00
rioclarense,tender_med,006.001.093,CLORIDRATO DE AMITRIPTILINA 25MG,Medicamentos,CPR,30000,0.04,1200.00
rioclarense,tender_med,006.001.095,CLORIDRATO DE BIPERIDENO 2MG,Medicamentos,CPR,6000,0.28,1680.00
rioclarense,tender_med,006.001.642,CLORIDRATO DE CICLOBENZAPRINA 5 MG,Medicamentos,CPR,20000,0.06,1200.00
rioclarense,tender_med,006.001.098,CLORIDRATO DE CLONIDINA 0.100 MG,Medicamentos,CPR,20000,0.25,5000.00
rioclarense,tender_med,006.001.339,CLORIDRATO DE CLONIDINA 0.150 MG,Medicamentos,CPR,20000,0.31,6200.00
rioclarense,tender_med,006.001.102,CLORIDRATO DE FLUOXETINA 20MG,Medicamentos,CAP,30000,0.059,1770.00
rioclarense,tender_med,006.001.112,CLORIDRATO DE PROMETAZINA 25MG,Medicamentos,CPR,10000,0.13,1300.00
rioclarense,tender_med,006.001.113,CLORIDRATO DE PROMETAZINA 50MG/2ML,Medicamentos,AMP,300,3.25,975.00
rioclarense,tender_med,006.002.995,CLORIDRATO DE TRAMADOL 50MG/ML,Medicamentos,CPR,600,1.02,612.00
rioclarense,tender_med,006.001.143,DIMETICONA 75MG/ML FRS/10ML,Medicamentos,FRC,2000,1.39,2780.00
rioclarense,tender_med,006.002.693,ESCITALOPRAM 20MG/ML GOTAS,Medicamentos,FR,50,10.00,500.00
rioclarense,tender_med,006.002.392,HALOPERIDOL 1MG,Medicamentos,CPR,5000,0.18,900.00
rioclarense,tender_med,006.003.381,IMIPRAMINA 25MG,Medicamentos,CPR,20000,0.46,9200.00
rioclarense,tender_med,006.001.665,LEVODOPA+BENSERAZIDA BD 100MG+25MG,Medicamentos,CPR,10000,1.00,10000.00
rioclarense,tender_med,006.001.394,LEVODOPA+BENZERAZIDA 200MG/50MG,Medicamentos,CPR,6000,1.50,9000.00
rioclarense,tender_med,006.002.207,LEVOMEPROMAZINA 25MG,Medicamentos,CPR,20000,0.49,9800.00
rioclarense,tender_med,006.001.396,LEVOMEPROMAZINA 40MG/ML,Medicamentos,FRC,200,11.00,2200.00
rioclarense,tender_med,006.001.189,LEVOTIROXINA SÓDICA 100MCG,Medicamentos,CPR,50000,0.12,6000.00
rioclarense,tender_med,006.001.190,LEVOTIROXINA SÓDICA 25MCG,Medicamentos,CPR,50000,0.16,8000.00
rioclarense,tender_med,006.001.191,LEVOTIROXINA SÓDICA 50MCG,Medicamentos,CPR,50000,0.11,5500.00
rioclarense,tender_med,006.001.193,LIDOCAINA GELEIA 2%,Medicamentos,TUB,600,5.00,3000.00
rioclarense,tender_med,006.001.197,LOÇÃO OLEOSA À BASE DE ÁCIDOS GRAXOS ESSENCIAIS,Medicamentos,FRC,1000,2.76,2760.00
rioclarense,tender_med,006.001.208,MELOXICAM 15MG,Medicamentos,CPR,30000,0.119,3570.00
rioclarense,tender_med,006.001.402,METILDOPA 250 MG,Medicamentos,CPR,10000,0.32,3200.00
rioclarense,tender_med,006.001.916,METILDOPA 500 MG,Medicamentos,CPR,3000,0.82,2460.00
rioclarense,tender_med,006.001.673,MONTELUCASTE DE SÓDIO 4 MG,Medicamentos,CPR,3000,0.379,1137.00
rioclarense,tender_med,006.002.966,OLANZAPINA 10 MG,Medicamentos,CPR,30000,0.359,10770.00
rioclarense,tender_med,006.002.829,"OLANZAPINA 2,5 MG",Medicamentos,UN,20000,0.15,3000.00
rioclarense,tender_med,006.001.224,OMEPRAZOL 20MG,Medicamentos,CAP,200000,0.069,13800.00
rioclarense,tender_med,006.001.532,QUETIAPINA 25 MG,Medicamentos,CPR,50000,0.12,6000.00
rioclarense,tender_med,006.001.426,RISPERIDONA 1MG/ML SOL. ORAL,Medicamentos,FRC,500,9.95,4975.00
rioclarense,tender_med,006.002.491,ROSUVASTATINA 40 MG,Medicamentos,CPR,10000,1.30,13000.00
rioclarense,tender_med,002.001.780,SULFATO DE AMICACINA 500 MG INJETÁVEL,Medicamentos,AMP,300,3.80,1140.00
rioclarense,tender_med,006.001.275,VALPROATO DE SÓDIO 250MG/5ML XPE FRS/100 ML,Medicamentos,FRC,500,5.40,2700.00
rap,tender_med,006.001.288,"ACETATO DE RETINOL 5500UI/ML, COLECALCIFEROL 1000UI/ML",Medicamentos,FRC,600,8.86,5316.00
rap,tender_med,006.001.850,ACETILCISTEINA 20MG/ML XAROPE,Medicamentos,FRC,1000,3.95,3950.00
rap,tender_med,006.001.852,ACETILCISTEINA 600 MG GRANULADO,Medicamentos,ENV,100000,0.71,71000.00
rap,tender_med,006.001.293,ÁCIDO ASCÓRBICO 500MG,Medicamentos,CPR,20000,0.18,3600.00
rap,tender_med,006.001.853,ÁCIDO ASCÓRBICO GOTAS 200MG/ML,Medicamentos,FRC,300,1.45,435.00
rap,tender_med,006.001.308,ANLODIPINO 5MG,Medicamentos,CPR,50000,0.027,1350.00
rap,tender_med,006.002.161,ATENOLOL 50MG,Medicamentos,CPR,50000,0.049,2450.00
rap,tender_med,006.001.633,"ATENOLOL+CLORTALIDONA 50MG/12,5MG",Medicamentos,CPR,10000,0.20,2000.00
rap,tender_med,006.002.275,AZITROMICINA 500MG,Medicamentos,CPR,50000,0.72,36000.00
rap,tender_med,006.001.864,BILASTINA 20 MG,Medicamentos,CPR,3000,1.40,4200.00
rap,tender_med,006.002.236,BROMAZEPAM 3MG,Medicamentos,CPR,30000,0.10,3000.00
rap,tender_med,006.001.317,"CALCITRIOL 0,25 MCG CPS GEL",Medicamentos,CAP,10000,4.47,44700.00
rap,tender_med,006.001.637,CARBIDOPA+LEVODOPA 25/250 MG,Medicamentos,CPR,6000,0.64,3840.00
rap,tender_med,006.001.072,CARVEDILOL 3.125MG,Medicamentos,CPR,6000,0.08,480.00
rap,tender_med,006.001.073,CARVEDILOL 6.25 MG,Medicamentos,CAP,20000,0.09,1800.00
rap,tender_med,006.001.871,CEFADROXILA 500 MG,Medicamentos,CAP,3000,1.77,5310.00
rap,tender_med,006.003.360,CETOPROFENO 150 MG,Medicamentos,CPR,10000,0.58,5800.00
rap,tender_med,006.003.362,CIMICIFUGA 150 MG RACEMOSA,Medicamentos,CAP,1200,4.70,5640.00
rap,tender_med,006.001.326,CIPROFIBRATO 100 MG,Medicamentos,CPR,50000,0.29,14500.00
rap,tender_med,006.001.086,CLOBAZAM 20MG,Medicamentos,CPR,5000,1.59,7950.00
rap,tender_med,006.001.492,"CLONAZEPAM 0,5 MG",Medicamentos,CPR,10000,0.052,520.00
rap,tender_med,006.003.364,"CLOR.DE SÓDIO 0,9% GOTAS INFANTIL",Medicamentos,FR,1000,0.913,913.00
rap,tender_med,006.001.641,CLORIDRATO DE BROMEXINA 4MG/5 ML XAROPE,Medicamentos,FRC,500,7.80,3900.00
rap,tender_med,006.001.104,CLORIDRATO DE METFORMINA 500MG,Medicamentos,CPR,60000,0.11,6600.00
rap,tender_med,006.001.877,CLORIDRATO DE NEBIVOLOL 5 MG,Medicamentos,CPR,6000,0.43,2580.00
rap,tender_med,006.001.111,CLORIDRATO DE PAROXETINA 20MG,Medicamentos,CPR,20000,0.19,3800.00
rap,tender_med,006.001.345,CODEINA 30 MG,Medicamentos,CPR,2000,0.85,1700.00
rap,tender_med,006.002.997,DAPAGLIFLOZINA 10 MG,Medicamentos,CPR,50000,5.60,280000.00
rap,tender_med,006.001.500,DESVENLAFAXINA 100 MG,Medicamentos,CPR,20000,1.00,20000.00
rap,tender_med,006.001.506,"DEXCLORFENIRAMINA 0,4MG/ML",Medicamentos,FRC,3000,1.78,5340.00
rap,tender_med,006.001.884,DEXPANTENOL GEL 50MG/G BISNAGAS 10G,Medicamentos,BG,100,48.00,4800.00
rap,tender_med,006.003.370,DOXICICLINA 100 MG,Medicamentos,CPR,10000,0.51,5100.00
rap,tender_med,006.001.467,EMPAGLIFLOZINA 25 MG,Medicamentos,CPR,20000,8.20,164000.00
rap,tender_med,006.001.153,"ENALAPRIL 10MG, MALEATO DE",Medicamentos,CPR,30000,0.035,1050.00
rap,tender_med,006.001.154,"ENALAPRIL 20MG, MALEATO DE",Medicamentos,CPR,50000,0.05,2500.00
rap,tender_med,006.002.254,ESCITALOPRAM 10MG,Medicamentos,CPR,50000,0.12,6000.00
rap,tender_med,006.001.649,ESCITALOPRAM 15 MG,Medicamentos,CPR,20000,0.22,4400.00
rap,tender_med,006.002.178,ESPIRONOLACTONA 25MG,Medicamentos,CPR,50000,0.19,9500.00
rap,tender_med,006.001.468,EZETIMIBA 10 MG,Medicamentos,CPR,30000,0.48,14400.00
rap,tender_med,006.003.373,FENAZOPIRIDINA 200 MG,Medicamentos,CPR,6000,1.49,8940.00
rap,tender_med,006.003.374,FERRIPOLIMALTOSE 400 MG,Medicamentos,CPR,6000,1.87,11220.00
rap,tender_med,006.001.516,FEXOFENADINA SUSP. ORAL 6MG/60ML,Medicamentos,FRC,500,11.80,5900.00
rap,tender_med,006.003.376,FLUNARIZINA 10 MG,Medicamentos,CPR,10000,0.09,900.00
rap,tender_med,006.001.895,FLUVOXAMINA 50 MG,Medicamentos,CPR,3000,2.09,6270.00
rap,tender_med,006.003.211,GALANTAMINA 24 MG,Medicamentos,CPR,10000,4.80,48000.00
rap,tender_med,006.003.378,GALANTAMINA 8 MG,Medicamentos,CPR,10000,3.40,34000.00
rap,tender_med,006.002.286,GLIMEPIRIDA 4MG,Medicamentos,CPR,5000,0.17,850.00
rap,tender_med,006.001.520,"HIALURONATO DE SÓDIO 0,15% 10 ML SOL. OFTÁLMICA",Medicamentos,FRC,200,39.00,7800.00
rap,tender_med,006.002.710,HIDROXIZINA 25MG C/30 CPR,Medicamentos,UN,2000,1.09,2180.00
rap,tender_med,006.001.387,IBUPROFENO 100MG/ML,Medicamentos,FRC,1000,1.90,1900.00
rap,tender_med,006.001.660,"INDAPAMIDA 1,5 MG",Medicamentos,CPR,10000,0.17,1700.00
rap,tender_med,006.001.391,INSULINA LANTUS SOLOSTAR (GLARGINA) 100UI,Medicamentos,CNT,500,51.00,25500.00
rap,tender_med,006.001.395,LEVODOPA+BENZERAZIDA HBS 100MG/25MG,Medicamentos,CPR,10000,2.90,29000.00
rap,tender_med,006.001.668,LUTEÍNA 10 MG + ZEAXANTINA 2 MG C/VITAMINAS,Medicamentos,CAP,3000,1.65,4950.00
rap,tender_med,006.001.403,METILFENIDATO 36 MG,Medicamentos,CPR,10000,6.90,69000.00
rap,tender_med,006.003.388,METILFENIDATO 54 MG,Medicamentos,CPR,3000,6.90,20700.00
rap,tender_med,006.001.671,METILFENIDATO 10 MG LA,Medicamentos,CPR,3000,3.60,10800.00
rap,tender_med,006.001.527,METILFENIDATO 18 MG,Medicamentos,CPR,6000,5.27,31620.00
rap,tender_med,006.003.389,MONTELUCASTE DE SÓDIO 5 MG,Medicamentos,CPR,3000,0.439,1317.00
rap,tender_med,006.001.216,NIMESULIDA 100MG,Medicamentos,CPR,50000,0.06,3000.00
rap,tender_med,006.002.965,NITRENDIPINO 10 MG,Medicamentos,CPR,3000,2.66,7980.00
rap,tender_med,006.001.409,NITRENDIPINO 20 MG,Medicamentos,CPR,3000,5.00,15000.00
rap,tender_med,006.001.231,PANTOPRAZOL SÓDICO 40MG,Medicamentos,CPR,60000,0.15,9000.00
rap,tender_med,006.003.393,PASSIFLORA INCARNATA L 360 MG,Medicamentos,CPR,10000,2.14,21400.00
rap,tender_med,006.001.236,PERMANGANATO DE POTÁSSIO 100MG,Medicamentos,CPR,1000,0.50,500.00
rap,tender_med,006.001.238,POLIVITAMÍNICO DO COMPLEXO B,Medicamentos,CPR,50000,0.035,1750.00
rap,tender_med,002.001.774,PREGABALINA 150 MG,Medicamentos,CPR,20000,0.36,7200.00
rap,tender_med,002.001.775,PREGABALINA 50 MG,Medicamentos,CPR,10000,0.56,5600.00
rap,tender_med,006.003.403,ROSUVASTATINA 10 MG,Medicamentos,CPR,60000,0.17,10200.00
rap,tender_med,006.001.251,SAXAGLIPTINA 5MG,Medicamentos,CPR,10000,5.40,54000.00
rap,tender_med,006.001.794,SOTALOL 160 MG,Medicamentos,CX,2000,0.90,1800.00
rap,tender_med,006.002.971,SULFADIAZINA DE PRATA+NITRATO DE CÉRIO,Medicamentos,TUB,200,88.00,17600.00
rap,tender_med,006.003.409,SUPLEMENTO PARA GESTANTE,Medicamentos,FRC,500,9.89,4945.00
rap,tender_med,006.002.973,SULPIRIDA 50 MG,Medicamentos,CPR,6000,0.90,5400.00
rap,tender_med,006.001.539,TOPIRAMATO 25 MG,Medicamentos,CAP,20000,0.17,3400.00
rap,tender_med,006.001.277,VALSARTANA 320 MG,Medicamentos,CPR,100000,1.20,120000.00
rap,tender_med,006.001.943,VENLAFAXINA 37.5 MG,Medicamentos,CPR,10000,0.30,3000.00
rap,tender_med,006.003.413,VILDAGLIPTINA 50MG+METFORMINA 1000 MG,Medicamentos,CPR,1200,1.23,1476.00
rap,tender_med,006.003.417,VITAMINA D3 2.000 UI,Medicamentos,CPR,10000,0.15,1500.00
rap,tender_med,006.001.449,VITAMINAS E SAIS MINERAIS,Medicamentos,CPR,30000,0.06,1800.00
fragnari,tender_med,006.001.854,ÁCIDO MEFENÂMICO 500 MG,Medicamentos,CPR,5000,0.43,2150.00
fragnari,tender_med,006.002.408,ALOPURINOL 100MG,Medicamentos,CPR,20000,0.12,2400.00
fragnari,tender_med,006.001.630,ALPRAZOLAM 0.5 MG,Medicamentos,CPR,10000,0.06,600.00
fragnari,tender_med,006.001.483,BETAMETASONA+GENTAMICINA POMADA TBS/30,Medicamentos,TUB,200,6.199,1239.80
fragnari,tender_med,006.001.636,BROMETO DE ESCOPOLAMINA+PARACETAMOL 10 MG,Medicamentos,CPR,6000,1.45,8700.00
fragnari,tender_med,006.001.314,BUPROPIONA XL 300 MG,Medicamentos,CPR,10000,3.03,30300.00
fragnari,tender_med,006.001.488,CEFTRIAXONA 500MG I.M,Medicamentos,FRC,1000,10.25,10250.00
fragnari,tender_med,006.001.322,CETOPROFENO 20MG/ML SOL. ORAL,Medicamentos,FRC,300,2.30,690.00
fragnari,tender_med,006.001.875,CIMETIDINA 200 MG,Medicamentos,CPR,20000,0.36,7200.00
fragnari,tender_med,006.001.491,"CLONAZEPAM 0,25 MG SL",Medicamentos,CPR,20000,0.273,5460.00
fragnari,tender_med,006.001.876,CLORETO DE POTÁSSIO 600 MG,Medicamentos,CPR,6000,0.815,4890.00
fragnari,tender_med,006.001.493,CLORIDRATO DE BUSPIRONA 10 MG,Medicamentos,CPR,3000,2.44,7320.00
fragnari,tender_med,006.002.994,CLORIDRATO DE PAROXETINA XR 25 MG,Medicamentos,CPR,6000,3.66,21960.00
fragnari,tender_med,006.003.366,COLÁGENO TIPO II,Medicamentos,FR,300,20.90,6270.00
fragnari,tender_med,006.001.496,"CORIDRATO DE MOXIFLOXAXINO 5,45 MG/ML+ FO",Medicamentos,FRC,100,38.50,3850.00
fragnari,tender_med,006.001.497,CUMARINA+TROXERRUTINA 15/90 MG,Medicamentos,CPR,30000,0.32,9600.00
fragnari,tender_med,006.001.346,DABIGATRANA 110 MG,Medicamentos,CPR,1000,5.68,5680.00
fragnari,tender_med,006.001.347,DABIGATRANA 150 MG,Medicamentos,CPR,3000,5.68,17040.00
fragnari,tender_med,006.003.367,DAPAGLIFLOZINA+METFORMINA 10MG/1000 XR,Medicamentos,CPR,2000,7.68,15360.00
fragnari,tender_med,006.003.368,DAPAGLIFLOZINA+METFORMINA 5MG/1000 XR,Medicamentos,CPR,6000,3.86,23160.00
fragnari,tender_med,006.001.501,DESVENLAFAXINA 50 MG,Medicamentos,CPR,10000,0.639,6390.00
fragnari,tender_med,006.003.369,DIACEREINA 50 MG,Medicamentos,CPR,2000,5.09,10180.00
fragnari,tender_med,006.001.356,"DICLOFENACO DIETILAMÔNIO AEROSSOL 11,6 MG/G",Medicamentos,FRC,300,20.90,6270.00
fragnari,tender_med,006.001.510,DICLORIDRATO DE MANIDIPINO 10 MG,Medicamentos,CPR,2000,2.69,5380.00
fragnari,tender_med,006.001.886,DIMESILATO DE LISDEXANFETAMINA 70 MG,Medicamentos,CPR,2800,6.07,16996.00
fragnari,tender_med,006.001.465,DIMESILATO LISDEXANFETAMINA 50 MG,Medicamentos,CPR,2800,4.50,12600.00
fragnari,tender_med,006.001.144,DIOSMINA+HISPERIDINA 450/50 MG,Medicamentos,CPR,100000,0.38,38000.00
fragnari,tender_med,006.001.514,DIVALPROATO DE SÓDIO 500 MG ER,Medicamentos,CPR,10000,0.93,9300.00
fragnari,tender_med,006.001.359,DOXASOZINA 2MG,Medicamentos,CPR,30000,0.086,2580.00
fragnari,tender_med,006.001.653,ESZOPICLONA 3 MG,Medicamentos,CPR,6000,3.37,20220.00
fragnari,tender_med,006.003.377,FUMARATO DE MOMETASONA 50 MCG SPRAY NASAL,Medicamentos,FRC,100,22.25,2225.00
fragnari,tender_med,006.001.656,"FUROATO DE FLUTICASONA 27,5 MCG SPRAY NASAL",Medicamentos,FRC,100,62.00,6200.00
fragnari,tender_med,006.001.658,"GLICINATO DE MAGNÉSIO (722,2 MG)+ CLORIDRATO DE PIRIDOXINA 1 MG",Medicamentos,CPR,6000,3.30,19800.00
fragnari,tender_med,006.001.659,HIDRALAZINA 50 MG,Medicamentos,CPR,20000,0.578,11560.00
fragnari,tender_med,006.001.523,INSULINA DEGLUDECA+LIRAGLUTIDA,Medicamentos,CNT,300,281.30,84390.00
fragnari,tender_med,006.001.906,INSULINA NOVORAPID FLEXPEN,Medicamentos,CNT,100,57.70,5770.00
fragnari,tender_med,006.001.470,INSULINA SOLIQUA 10-40 SOLOSTAR,Medicamentos,CNT,100,210.15,21015.00
fragnari,tender_med,006.001.663,LEVETIRACETAM 100 MG/ML,Medicamentos,FRC,50,57.20,2860.00
fragnari,tender_med,006.001.664,LEVETIRACETAM 250 MG,Medicamentos,CPR,3000,0.66,1980.00
fragnari,tender_med,006.001.192,LEVOTIROXINA SÓDICA 75MCG,Medicamentos,CPR,50000,0.32,16000.00
fragnari,tender_med,006.001.524,LINAGLIPTINA 5 MG,Medicamentos,CPR,6000,3.70,22200.00
fragnari,tender_med,006.003.386,LINAGLIPTINA 2.5 MG+METFORMINA 1000 MG,Medicamentos,CPR,1200,2.05,2460.00
fragnari,tender_med,006.002.144,MIRTAZAPINA 15 MG,Medicamentos,CX,20000,0.65,13000.00
fragnari,tender_med,006.001.213,MONTELUCASTE DE SÓDIO 10MG,Medicamentos,CPR,3000,0.375,1125.00
fragnari,tender_med,006.001.675,"NARATRIPTANA 2,5 MG",Medicamentos,CPR,20000,1.90,38000.00
fragnari,tender_med,006.001.676,NITAZOXANIDA 20MG/ML,Medicamentos,FRC,200,6.939,1387.80
fragnari,tender_med,006.001.413,OLMESARTANA 20 MG,Medicamentos,CPR,200000,0.479,95800.00
fragnari,tender_med,006.003.391,ORLISTAT 120 MG,Medicamentos,CX,200,89.00,17800.00
fragnari,tender_med,006.001.235,PERICIAZINA 4% FRS/20ML,Medicamentos,FRC,100,23.90,2390.00
fragnari,tender_med,006.003.394,"PERINDOPRIL ARGININA 10MG+INDAPAMIDA 2,5",Medicamentos,CPR,3000,4.40,13200.00
fragnari,tender_med,006.001.929,POLICRESULENO 90 MG ÓVULOS CXS/6 ÓVULOS,Medicamentos,CX,100,22.69,2269.00
fragnari,tender_med,006.003.398,POLISSULFATO DE MUCOPOLISSACARIDEO 5MG/,Medicamentos,TUB,200,18.60,3720.00
fragnari,tender_med,006.003.399,PROGESTERONA MICRONIZADA 100 MG,Medicamentos,CAP,3000,2.10,6300.00
fragnari,tender_med,006.003.400,PROGESTERONA MICRONIZADA 200 MG,Medicamentos,CPR,3000,4.20,12600.00
fragnari,tender_med,006.001.424,QUETIAPINA XR 50 MG,Medicamentos,CPR,6000,2.30,13800.00
fragnari,tender_med,002.001.777,RAMIPRIL 5 MG,Medicamentos,CPR,6000,0.70,4200.00
fragnari,tender_med,006.001.935,ROSUVASTATINA 40 MG + EZETIMIBA 10 MG,Medicamentos,UN,3000,5.219,15657.00
fragnari,tender_med,006.001.248,SACCHAROMYCES BOULARDII 100 MG,Medicamentos,CAP,20000,0.86,17200.00
fragnari,tender_med,006.001.249,SACCHAROMYCES BOULARDII 200 MG,Medicamentos,SAC,10000,1.44,14400.00
fragnari,tender_med,006.003.407,SILIMARINA 200 MG,Medicamentos,CPR,3000,0.83,2490.00
fragnari,tender_med,006.002.969,SITAGLIPTINA + METFORMINA 50MG/1000 MG,Medicamentos,CPR,3000,1.71,5130.00
fragnari,tender_med,006.002.974,SULPIRIDA + BROMAZEPAM 25 MG / 1 MG,Medicamentos,CPR,6000,1.83,10980.00
fragnari,tender_med,002.001.782,TELMISARTANA 80 MG,Medicamentos,CPR,3000,1.10,3300.00
fragnari,tender_med,006.001.443,TELMISARTANA + ANLODIPINO 80MG/5MG,Medicamentos,CPR,3000,4.79,14370.00
fragnari,tender_med,006.001.537,"TOBRAMICINA + DEXAMETASONA 0,3% / 0,1% SOL. OFTÁLMICA",Medicamentos,FRC,600,34.19,20514.00
fragnari,tender_med,002.001.783,TRAZODONA RETARD 150 MG,Medicamentos,CPR,10000,1.60,16000.00
fragnari,tender_med,002.001.785,TRIMETAZIDINA MR 35 MG,Medicamentos,CPR,30000,0.799,23970.00
fragnari,tender_med,006.001.944,VIMPOCETINA 5 MG,Medicamentos,CPR,3000,0.865,2595.00
fragnari,tender_med,006.003.420,VORTIOXETINA 10 MG,Medicamentos,CPR,6000,2.179,13074.00
mamed,tender_med,006.003.371,EMPAGLIFLOZINA 10 MG,Medicamentos,CPR,3000,5.75,17250.00
dimeva,tender_med,006.001.287,"ACETATO DE CIPROTERONA 2MG, ETINILESTRADIOL 0,035MG",Medicamentos,CPR,20000,0.21,4200.00
dimeva,tender_med,006.001.861,BETAISTINA 24 MG,Medicamentos,CPR,20000,0.26,5200.00
dimeva,tender_med,006.001.862,BETAISTINA 16 MG,Medicamentos,CPR,30000,0.22,6600.00
dimeva,tender_med,006.001.462,CARBONATO DE LÍTIO CR 450 MG,Medicamentos,CPR,20000,1.70,34000.00
dimeva,tender_med,006.001.639,CILOSTAZOL 50 MG,Medicamentos,CPR,6000,0.24,1440.00
dimeva,tender_med,006.002.992,CLORIDRATO DE MOXIFLOXACINO 400 MG,Medicamentos,CPR,3000,0.31,930.00
dimeva,tender_med,006.001.349,"DELTAMETRINA 0,02%",Medicamentos,FRC,600,4.48,2688.00
dimeva,tender_med,006.001.361,DULOXETINA 30 MG,Medicamentos,CAP,30000,0.95,28500.00
dimeva,tender_med,006.001.648,DULOXETINA 60 MG,Medicamentos,CPR,30000,1.42,42600.00
dimeva,tender_med,006.001.890,FENOBARBITAL 100 MG,Medicamentos,CPR,10000,0.18,1800.00
dimeva,tender_med,006.001.184,LEVOFLOXACINO 500 MG,Medicamentos,CPR,10000,0.63,6300.00
dimeva,tender_med,006.001.926,NITROFURANTOINA 100 MG,Medicamentos,CAP,10000,0.25,2500.00
dimeva,tender_med,006.001.266,SULFATO DE NEOMICINA+BACITRACINA 5MG/G+250UI/G,Medicamentos,TUB,3000,2.12,6360.00
dimeva,tender_med,006.001.278,VARFARINA SÓDICA 5 MG,Medicamentos,CPR,10000,0.16,1600.00
dimeva,tender_med,006.003.421,ZOLPIDEM 10 MG,Medicamentos,CPR,30000,0.10,3000.00
dora,tender_med,006.001.865,BISACODIL 5MG,Medicamentos,CPR,5000,0.149,745.00
dora,tender_med,006.001.489,CIPROFLOXACINO+HIDROCORTISONA SUSP. OTOLÓGICA,Medicamentos,FRC,300,18.19,5457.00
dora,tender_med,006.001.666,LIRAGLUTIDA SOLUÇÃO INJETÁVEL 6 MG/ML CXS,Medicamentos,CX,100,314.99,31499.00
dora,tender_med,006.001.211,MONONITRATO DE ISOSSORBIDA 40MG,Medicamentos,CPR,50000,0.41,20500.00
dora,tender_med,006.002.357,RISPERIDONA 3 MG,Medicamentos,CPR,6000,0.14,840.00
comercial_mark,tender_med,006.003.353,ACEBROFILINA 25MG/5ML,Medicamentos,UN,3000,4.71,14130.00
comercial_mark,tender_med,006.001.289,ACICLOVIR 50MG/G,Medicamentos,TUB,600,2.36,1416.00
comercial_mark,tender_med,006.001.631,ALPRAZOLAM 2 MG,Medicamentos,CPR,20000,0.12,2400.00
comercial_mark,tender_med,006.001.306,"AMOX+CLAVULANATO 250MG+62,50MG/5ML",Medicamentos,FRC,3000,15.65,46950.00
comercial_mark,tender_med,006.001.041,AMPICILINA 500MG,Medicamentos,CAP,2000,0.48,960.00
comercial_mark,tender_med,006.001.859,ATORVASTATINA CÁLCICA 20 MG,Medicamentos,CPR,30000,0.16,4800.00
comercial_mark,tender_med,006.001.860,ATORVASTATINA CÁLCICA 40 MG,Medicamentos,CAP,30000,0.43,12900.00
comercial_mark,tender_med,006.001.634,"BISOPROLOL 1,25 MG",Medicamentos,CPR,3000,0.25,750.00
comercial_mark,tender_med,006.001.635,"BISOPROLOL 2,5 MG",Medicamentos,CPR,6000,0.28,1680.00
comercial_mark,tender_med,006.001.054,BUDESONIDA 32MCG,Medicamentos,FRC,500,13.20,6600.00
comercial_mark,tender_med,006.001.071,"CARVEDILOL 12,5 MG",Medicamentos,CAP,20000,0.08,1600.00
comercial_mark,tender_med,006.001.874,CILOSTAZOL 100 MG,Medicamentos,CPR,10000,0.42,4200.00
comercial_mark,tender_med,006.003.363,CLARITROMICINA 250 MG/5ML SUSP.,Medicamentos,FR,200,56.64,11328.00
comercial_mark,tender_med,006.002.428,CLARITROMICINA 500MG,Medicamentos,CPR,3000,1.70,5100.00
comercial_mark,tender_med,006.001.878,CLORIDRATO DE ONDANSETRONA 4 MG,Medicamentos,CPR,10000,0.25,2500.00
comercial_mark,tender_med,006.001.110,CLORIDRATO DE ONDANSETRONA 8MG,Medicamentos,CPR,10000,0.29,2900.00
comercial_mark,tender_med,006.002.998,"DESLORATADINA 0,5 MG/ML",Medicamentos,FRC,1000,6.85,6850.00
comercial_mark,tender_med,006.001.503,"DEXAMETASONA 4,0 MG",Medicamentos,CPR,1000,0.18,180.00
comercial_mark,tender_med,006.001.147,DIVALPROATO DE SÓDIO 250MG,Medicamentos,CPR,20000,0.63,12600.00
comercial_mark,tender_med,006.001.888,ESCITALOPRAM 20 MG,Medicamentos,CPR,20000,0.18,3600.00
comercial_mark,tender_med,006.001.365,ESPIRONOLACTONA 50 MG,Medicamentos,CPR,10000,0.31,3100.00
comercial_mark,tender_med,006.003.375,FINASTERIDA 5 MG,Medicamentos,CPR,3000,0.24,720.00
comercial_mark,tender_med,006.003.380,GINKO BILOBA 80 MG,Medicamentos,CPR,10000,0.28,2800.00
comercial_mark,tender_med,006.002.079,HIDROCLOROTIAZIDA 25 MG 20 COMP.,Medicamentos,CPR,100000,0.02,2000.00
comercial_mark,tender_med,006.001.181,IVERMECTINA 6 MG,Medicamentos,CPR,10000,0.30,3000.00
comercial_mark,tender_med,006.003.382,LAMOTRIGINA 100 MG CPR,Medicamentos,CPR,10000,0.18,1800.00
comercial_mark,tender_med,006.001.915,MEMANTINA 10 MG,Medicamentos,CPR,10000,0.18,1800.00
comercial_mark,tender_med,006.001.210,MONONITRATO DE ISOSSORBIDA 20MG,Medicamentos,CPR,50000,0.19,9500.00
comercial_mark,tender_med,006.002.827,OLANZAPINA 5 MG,Medicamentos,CPR,30000,0.27,8100.00
comercial_mark,tender_med,006.001.232,PARACETAMOL SOL. ORAL 200MG/ML FRS/15 ML,Medicamentos,FRC,5000,1.30,6500.00
comercial_mark,tender_med,006.002.968,PIOGLITAZONA 30 MG,Medicamentos,CPR,6000,0.81,4860.00
comercial_mark,tender_med,006.001.418,POLIVITAMINICO DO COMPLEXO B GTS,Medicamentos,FRC,200,2.18,436.00
comercial_mark,tender_med,006.001.423,QUETIAPINA 100 MG,Medicamentos,CPR,20000,0.41,8200.00
comercial_mark,tender_med,006.003.401,QUETIAPINA 200 MG,Medicamentos,CPR,20000,0.79,15800.00
comercial_mark,tender_med,002.001.778,RIVAROXABANA 10 MG,Medicamentos,CPR,20000,0.19,3800.00
comercial_mark,tender_med,002.001.779,RIVAROXABANA 15 MG,Medicamentos,CPR,10000,0.23,2300.00
comercial_mark,tender_med,006.001.254,SINVASTATINA 40 MG,Medicamentos,CPR,20000,0.14,2800.00
comercial_mark,tender_med,006.003.408,SULFAMETOXAZOL 200 MG+TRIMETROPIMA 40MG,Medicamentos,FRC,500,3.38,1690.00
comercial_mark,tender_med,006.001.442,"TANSULOSINA 0,4 MG",Medicamentos,CPR,20000,0.65,13000.00
comercial_mark,tender_med,006.003.410,TIABENDAZOL 50MG/G,Medicamentos,TUB,300,7.49,2247.00
comercial_mark,tender_med,006.001.538,TOPIRAMATO 100 MG,Medicamentos,CPR,20000,0.34,6800.00
comercial_mark,tender_med,006.001.540,TOPIRAMATO 50 MG,Medicamentos,CPR,20000,0.21,4200.00
comercial_mark,tender_med,006.001.279,VENLAFAXINA 150 MG,Medicamentos,CAP,20000,0.76,15200.00
interlab,tender_med,006.001.458,ÁCIDO TIÓCTICO 600 MG,Medicamentos,CPR,1000,5.47,5470.00
interlab,tender_med,006.001.484,CARBAMAZEPINA CR 400 MG,Medicamentos,CPR,6000,2.84,17040.00
interlab,tender_med,006.001.495,CLORIDRATO DE LURASIDONA 20 MG,Medicamentos,CPR,6000,4.65,27900.00
interlab,tender_med,006.001.392,INSULINA LISPRO HUMALOG KWIK PEN,Medicamentos,CNT,200,36.05,7210.00
interlab,tender_med,006.003.404,SACUBITRIL VALSARTANA 100 MG,Medicamentos,CPR,20000,4.22,84400.00
interlab,tender_med,006.003.405,SACUBITRIL VALSARTANA 50 MG,Medicamentos,CPR,20000,4.22,84400.00
interlab,tender_med,006.003.406,SACUBITRIL VALSARTANA 200 MG,Medicamentos,CPR,10000,4.22,42200.00
interlab,tender_med,006.003.415,VITAMINA D3 1.000 UI,Medicamentos,CPR,10000,0.23,2300.00
interlab,tender_med,006.003.416,VITAMINA D3 10.000 UI,Medicamentos,CPR,10000,0.42,4200.00
interlab,tender_med,006.003.418,VITAMINA D3 5.000 UI,Medicamentos,CPR,10000,0.24,2400.00
classmed,tender_med,006.001.297,ÁCIDO TRANEXÂMICO 250MG,Medicamentos,CPR,3000,1.41,4230.00
classmed,tender_med,006.001.477,ÁGUA DESTILADA 300 FRS/1000 ML,Medicamentos,FRC,300,8.09,2427.00
classmed,tender_med,006.001.036,ALPRAZOLAM 1MG,Medicamentos,CPR,20000,0.079,1580.00
classmed,tender_med,006.001.863,BETAMETASONA POMADA 1MG/G,Medicamentos,TUB,100,8.69,869.00
classmed,tender_med,006.001.461,BISOPROLOL 5 MG,Medicamentos,CPR,10000,0.299,2990.00
classmed,tender_med,006.001.320,CARVEDILOL 25MG,Medicamentos,CAP,30000,0.149,4470.00
classmed,tender_med,006.003.359,CEFTRIAXONA 1G I.M,Medicamentos,FR,600,6.50,3900.00
classmed,tender_med,006.001.082,CETOPROFENO 50MG,Medicamentos,CPR,20000,0.249,4980.00
classmed,tender_med,006.001.088,"CLORETO DE POTÁSSIO 19,1% AMP/10ML",Medicamentos,AMP,100,0.46,46.00
classmed,tender_med,006.001.091,CLORIDRATO DE AMBROXOL 30 MG/5 ML,Medicamentos,FRC,3000,2.599,7797.00
classmed,tender_med,006.001.097,CLORIDRATO DE CLOMIPRAMINA 25MG,Medicamentos,CPR,20000,1.099,21980.00
classmed,tender_med,006.001.100,CLORIDRATO DE CLORPROMAZINA 25MG,Medicamentos,CPR,10000,0.38,3800.00
classmed,tender_med,006.003.365,CLORIDRATO DE CLORPROMAZINA 40MG SOLUÇÃO/FR,Medicamentos,FR,100,9.358,935.80
classmed,tender_med,006.001.889,FENITOINA SÓDICA 50MG/ML IV/IM,Medicamentos,AMP,50,2.86,143.00
classmed,tender_med,006.001.367,FENOBARBITAL 40 MG/ML GOTAS,Medicamentos,FRC,200,4.439,887.80
classmed,tender_med,006.001.380,GLICOSE 25% SOLUÇÃO INJETÁVEL AMP/10ML,Medicamentos,AMP,200,0.62,124.00
classmed,tender_med,006.001.381,GLICOSE 50% SOLUÇÃO INJETÁVEL AMP/10ML,Medicamentos,AMP,200,0.68,136.00
classmed,tender_med,006.001.171,HALOPERIDOL 2MG/ML SOL. ORAL FRS/20ML,Medicamentos,FRC,300,3.739,1121.70
classmed,tender_med,006.001.382,"HALOPERIDOL DECANOATO 70,52MG/ML SOL. INJETÁVEL",Medicamentos,AMP,200,6.399,1279.80
classmed,tender_med,006.001.386,HIDRÓXIDO DE ALUMÍNIO 60 MG/ML SUSP. FRS/100ML,Medicamentos,FRC,600,2.479,1487.40
classmed,tender_med,006.001.200,LORAZEPAM 2MG,Medicamentos,CPR,10000,0.139,1390.00
classmed,tender_med,006.001.670,METILFENIDATO 10 MG,Medicamentos,CPR,20000,0.33,6600.00
classmed,tender_med,006.001.917,MIRTAZAPINA 30 MG,Medicamentos,CPR,10000,0.65,6500.00
classmed,tender_med,006.001.212,MONONITRATO DE ISOSSORBIDA 5MG SL,Medicamentos,CPR,3000,0.35,1050.00
classmed,tender_med,006.001.921,NALTREXONA 50 MG,Medicamentos,CPR,20000,4.03,80600.00
classmed,tender_med,006.001.925,NITRATO DE MICONAZOL CREME VAGINAL,Medicamentos,TUB,300,9.499,2849.70
classmed,tender_med,006.001.412,OLEO MINERAL 100 ML,Medicamentos,FRC,600,3.129,1877.40
classmed,tender_med,006.001.234,PENTOXIFILINA 400MG,Medicamentos,CPR,10000,1.899,18990.00
classmed,tender_med,006.001.246,RIVAROXABANA 20 MG,Medicamentos,CPR,20000,0.279,5580.00
classmed,tender_med,006.003.402,ROSUVASTATINA 20 MG,Medicamentos,CPR,60000,0.24,14400.00
classmed,tender_med,006.001.434,SOL. GLICOSADA 5% S.F - I.V FRS/500 ML,Medicamentos,FRC,200,5.107,1021.40
classmed,tender_med,006.001.262,SOLUÇÃO RINGER SEM LACTATO FRS/500 ML,Medicamentos,FRC,200,4.899,979.80
classmed,tender_med,006.001.263,SUCCINATO DE METOPROLOL 25 MG,Medicamentos,CPR,30000,0.249,7470.00
classmed,tender_med,006.001.264,SUCCINATO DE METOPROLOL 50 MG,Medicamentos,CPR,50000,0.41,20500.00
classmed,tender_med,006.001.938,SULFATO DE MORFINA 10 MG,Medicamentos,CPR,3000,0.84,2520.00
classmed,tender_med,006.003.411,TIAMAZOL 10 MG,Medicamentos,CPR,5000,0.489,2445.00
classmed,tender_med,006.003.412,TIAMAZOL 5 MG,Medicamentos,CPR,3000,0.26,780.00
soma_sp,tender_med,006.001.291,ÁCIDO ASCÓRBICO 100MG/ML,Medicamentos,AMP,2000,0.74,1480.00
soma_sp,tender_med,006.001.295,ÁCIDO FÓLICO 5MG,Medicamentos,CPR,5000,0.03,150.00
soma_sp,tender_med,006.001.298,ÁCIDO TRANEXÂMICO 250MG SOLUÇÃO INJETÁVEL,Medicamentos,AMP,1000,3.90,3900.00
soma_sp,tender_med,006.001.459,ÁGUA P/INJEÇÃO,Medicamentos,FRC,5000,0.195,975.00
soma_sp,tender_med,006.001.031,ALBENDAZOL 400MG,Medicamentos,CPR,3000,0.439,1317.00
soma_sp,tender_med,006.001.032,ALBENDAZOL 40MG/ML FRS/10ML,Medicamentos,FRC,3000,1.11,3330.00
soma_sp,tender_med,006.001.011,ALOPURINOL 300MG,Medicamentos,CPR,30000,0.23,6900.00
soma_sp,tender_med,006.001.857,AMOXICILINA 500 MG,Medicamentos,CAP,20000,0.20,4000.00
soma_sp,tender_med,006.001.481,ARIPIPRAZOL 10 MG,Medicamentos,CPR,10000,0.395,3950.00
soma_sp,tender_med,006.001.632,ARIPIPRAZOL 15 MG,Medicamentos,CPR,60000,0.40,24000.00
soma_sp,tender_med,006.001.048,"BROMETO DE IPRATROPIO 0,250MG/ML FRS/20 ML",Medicamentos,FRC,500,1.00,500.00
soma_sp,tender_med,006.001.053,BROMOPRIDA 4MG/ML FRS/20ML,Medicamentos,FRC,2000,2.00,4000.00
soma_sp,tender_med,006.001.313,BROMOPRIDA 5MG/ML SOLUÇÃO INJETÁVEL,Medicamentos,AMP,2000,1.15,2300.00
soma_sp,tender_med,006.001.315,"BUTIL BROMETO DE ESCOPOLAMINA 6,67MG/ML",Medicamentos,FRC,500,5.50,2750.00
soma_sp,tender_med,006.001.060,BUTILBROMETO DE ESCOPOLAMINA 20MG/ML,Medicamentos,AMP,1000,1.00,1000.00
soma_sp,tender_med,006.001.316,BUTILBROMETO DE ESCOPOLAMINA + DIPIRONA,Medicamentos,AMP,1000,1.42,1420.00
soma_sp,tender_med,006.002.165,CARBAMAZEPINA 200 MG,Medicamentos,CPR,20000,0.16,3200.00
soma_sp,tender_med,006.001.064,CARBAMAZEPINA 20MG/ML SUSP.ORAL FRS/100ML,Medicamentos,FRC,500,7.00,3500.00
soma_sp,tender_med,006.003.358,CARBOCISTEÍNA 20 MG/ML XPE,Medicamentos,FR,1000,3.30,3300.00
soma_sp,tender_med,006.003.357,CARBOCISTEÍNA 50 MG/ML XPE,Medicamentos,FR,1000,4.55,4550.00
soma_sp,tender_med,006.001.070,CARBONATO DE CÁLCIO 600MG; COLECALCIFEROL 400MG,Medicamentos,CPR,20000,0.05,1000.00
soma_sp,tender_med,006.002.336,CARBONATO DE LÍTIO 300MG,Medicamentos,CPR,6000,0.21,1260.00
soma_sp,tender_med,006.001.638,CARMELOSE SÓDICA 5MG/ML SOL. OFT.,Medicamentos,FRC,300,6.95,2085.00
soma_sp,tender_med,006.001.486,CEFALEXINA 250 MG SUSP.,Medicamentos,FRC,600,10.00,6000.00
soma_sp,tender_med,006.001.487,CEFTRIAXONA 1G I.V,Medicamentos,FRC,600,4.40,2640.00
soma_sp,tender_med,006.001.321,CETOCONAZOL CREME 20MG/G,Medicamentos,TUB,1000,2.80,2800.00
soma_sp,tender_med,006.001.323,CETOPROFENO 50MG/ML - I.M SOLUÇÃO INJETÁVEL,Medicamentos,AMP,5000,1.18,5900.00
soma_sp,tender_med,006.003.361,CIANOCOBALAMINA 2500 MCG/ML,Medicamentos,AMP,3000,6.80,20400.00
soma_sp,tender_med,006.001.330,CLONAZEPAM 2.5 MG/ML GOTAS,Medicamentos,FRC,200,2.12,424.00
soma_sp,tender_med,006.001.096,CLORIDRATO DE CIPROFLOXACINO 500MG,Medicamentos,CPR,20000,0.16,3200.00
soma_sp,tender_med,006.001.103,CLORIDRATO DE LIDOCAÍNA S/V 2% FRS/20ML,Medicamentos,FRC,200,3.83,766.00
soma_sp,tender_med,006.002.991,CLORIDRATO DE METFORMINA 500 MG XR,Medicamentos,CPR,100000,0.15,15000.00
soma_sp,tender_med,006.001.106,CLORIDRATO DE METFORMINA 850 MG,Medicamentos,CPR,100000,0.109,10900.00
soma_sp,tender_med,006.001.117,CLORIDRATO DE SERTRALINA 50MG,Medicamentos,CPR,30000,0.10,3000.00
soma_sp,tender_med,006.001.119,CLORIDRATO DE TIAMINA 300MG,Medicamentos,CPR,30000,0.24,7200.00
soma_sp,tender_med,006.001.120,CLORIDRATO DE TRAMADOL 50 MG,Medicamentos,CPR,30000,0.12,3600.00
soma_sp,tender_med,006.001.122,CLORIDRATO DE PROPAFENONA 300MG,Medicamentos,CPR,6000,0.559,3354.00
soma_sp,tender_med,006.001.883,DEXAMETASONA 1MG/G CREME,Medicamentos,TUB,1000,1.65,1650.00
soma_sp,tender_med,006.001.130,"DEXAMETASONA 2MG/ML, FOSFATO DISSÓDICO",Medicamentos,AMP,5000,0.70,3500.00
soma_sp,tender_med,006.001.133,DIAZEPAM 5MG/ML AMP/2ML,Medicamentos,AMP,200,0.78,156.00
soma_sp,tender_med,006.001.134,DICLOFENACO SÓDICO 50 MG,Medicamentos,CAP,30000,0.05,1500.00
soma_sp,tender_med,006.001.145,DIPIRONA SÓDICA 500MG/ML FRS/10 ML,Medicamentos,FRC,10000,1.17,11700.00
soma_sp,tender_med,006.001.357,DIPIRONA SÓDICA 500MG/ML SOLUÇÃO INJETÁVEL,Medicamentos,AMP,5000,0.65,3250.00
soma_sp,tender_med,006.003.372,"ENOXAPARINA SÓDICA 40 MG/0,4 ML",Medicamentos,UN,600,13.90,8340.00
soma_sp,tender_med,006.001.363,EPINEFRINA 1MG/ML,Medicamentos,AMP,300,1.00,300.00
soma_sp,tender_med,006.002.190,FLUCONAZOL 150MG,Medicamentos,CAP,10000,0.43,4300.00
soma_sp,tender_med,006.001.374,FOSFATO SÓDICO DE PREDNISOLONA 3 MG/ML,Medicamentos,FRC,5000,4.00,20000.00
soma_sp,tender_med,006.001.375,FUROSEMIDA 10 MG/ML,Medicamentos,AMP,1000,0.64,640.00
soma_sp,tender_med,006.003.379,GENTAMICINA 40 MG/ML,Medicamentos,AMP,200,1.00,200.00
soma_sp,tender_med,006.001.383,HIDROCORTISONA 500 MG I.M/I.V,Medicamentos,FRC,600,4.50,2700.00
soma_sp,tender_med,006.002.194,IBUPROFENO 600 MG,Medicamentos,CPR,100000,0.13,13000.00
soma_sp,tender_med,006.003.383,LAMOTRIGINA 25 MG CP,Medicamentos,CPR,10000,0.129,1290.00
soma_sp,tender_med,006.003.384,LAMOTRIGINA 50 MG CPR,Medicamentos,CPR,10000,0.169,1690.00
soma_sp,tender_med,006.003.387,LORATADINA 1 MG/ML XAROPE,Medicamentos,FRC,6000,2.82,16920.00
soma_sp,tender_med,006.001.672,MIRTAZAPINA 45 MG,Medicamentos,CPR,10000,0.889,8890.00
soma_sp,tender_med,006.001.219,NISTATINA CR. VG 25.000 UI/G TBS 60G,Medicamentos,TUB,1000,6.24,6240.00
soma_sp,tender_med,006.001.220,NISTATINA SUSP. ORAL 100.000 UI/ML FRS/50 ML,Medicamentos,FRC,300,4.95,1485.00
soma_sp,tender_med,006.002.206,NORFLOXACINO 400 MG,Medicamentos,CPR,10000,0.309,3090.00
soma_sp,tender_med,006.003.390,OMEPRAZOL SÓDICO 40 MG C/ DILUENTE DE 20 MG,Medicamentos,FRC,500,8.70,4350.00
soma_sp,tender_med,006.001.417,PARACETAMOL 500 MG,Medicamentos,CPR,30000,0.06,1800.00
soma_sp,tender_med,006.001.239,POLIVITAMINICO DO COMPLEXO B AMP/2ML,Medicamentos,AMP,5000,0.98,4900.00
soma_sp,tender_med,006.002.192,PREDNISONA 20 MG,Medicamentos,CPR,30000,0.15,4500.00
soma_sp,tender_med,006.001.421,PREGABALINA 75 MG,Medicamentos,CPR,30000,0.209,6270.00
soma_sp,tender_med,006.002.208,RISPERIDONA 1 MG,Medicamentos,CPR,30000,0.09,2700.00
soma_sp,tender_med,006.002.209,RISPERIDONA 2 MG,Medicamentos,CPR,30000,0.10,3000.00
soma_sp,tender_med,006.001.428,SACARATO DE HIDRÓXIDO FÉRRICO 20 MG/ML I.V,Medicamentos,AMP,1000,10.20,10200.00
soma_sp,tender_med,006.001.432,"SOL. CLORETO DE SÓDIO 0,9% S.F - I.V FRS/100 ML",Medicamentos,FRC,5000,3.20,16000.00
soma_sp,tender_med,006.001.260,"SOL. CLORETO DE SÓDIO 0,9% FRS/10 ML",Medicamentos,FRC,2000,0.20,400.00
soma_sp,tender_med,006.002.972,SULFATO DE SALBUTAMOL 100 MCG/DOSE AEROSOL,Medicamentos,FRC,300,10.99,3297.00
soma_sp,tender_med,006.002.977,TOBRAMICINA 3 MG/ML SOL. OFTÁLMICA,Medicamentos,FRC,300,4.50,1350.00
soma_sp,tender_med,006.003.419,VITAMINA D3 7.000 UI,Medicamentos,CPR,10000,0.18,1800.00
dimaster,tender_med,006.001.851,ACETILCISTEINA 40MG/ML XAROPE,Medicamentos,FRC,1000,4.37,4370.00
dimaster,tender_med,006.002.213,ACICLOVIR 200MG,Medicamentos,CPR,10000,0.169,1690.00
dimaster,tender_med,006.001.027,ÁCIDO URSODESOXICÓLICO 300 MG,Medicamentos,CPR,2000,1.60,3200.00
dimaster,tender_med,006.002.215,AMIODARONA 200MG,Medicamentos,CPR,20000,0.35,7000.00
dimaster,tender_med,006.001.040,AMOX+CLAVULANATO POTÁSSIO 500 MG+125 MG,Medicamentos,CAP,30000,1.00,30000.00
dimaster,tender_med,006.001.855,AMOXICILINA + CLAVULANATO 872 MG+125 MG,Medicamentos,CPR,50000,1.80,90000.00
dimaster,tender_med,006.001.856,AMOXICILINA 250MG/5ML SUSP.,Medicamentos,FRC,1000,5.40,5400.00
dimaster,tender_med,006.003.355,AXETILCEFUROXIMA 250 MG,Medicamentos,CPR,3000,2.59,7770.00
dimaster,tender_med,006.003.356,AXETILCEFUROXIMA 500 MG,Medicamentos,CPR,3000,3.54,10620.00
dimaster,tender_med,006.001.043,AZITROMICINA 200MG/5ML SUSP. FRS/15ML,Medicamentos,FRC,3000,7.07,21210.00
dimaster,tender_med,006.001.047,BISSULFATO DE CLOPIDOGREL 75 MG,Medicamentos,CPR,20000,0.24,4800.00
dimaster,tender_med,006.001.050,BROMIDRATO DE CITALOPRAM 20MG,Medicamentos,CPR,20000,0.099,1980.00
dimaster,tender_med,006.001.057,BUPROPIONA LIBERAÇÃO PROLONGADA 150 MG,Medicamentos,CPR,30000,0.36,10800.00
dimaster,tender_med,006.001.059,"BUTILBROMETO DE ESCOPALAMINA 10 MG, DIPIRONA 250 MG",Medicamentos,CPR,30000,0.25,7500.00
dimaster,tender_med,006.001.085,CINARIZINA 75 MG,Medicamentos,CPR,10000,0.32,3200.00
dimaster,tender_med,006.001.087,CLONAZEPAM 2MG,Medicamentos,CPR,60000,0.049,2940.00
dimaster,tender_med,006.000.902,DIPIRONA 500 MG,Medicamentos,CPR,200000,0.11,22000.00
dimaster,tender_med,006.002.649,DONEPEZILA 10 MG,Medicamentos,CPR,3000,0.35,1050.00
dimaster,tender_med,006.001.887,DONEPEZILA 5 MG,Medicamentos,CPR,2000,0.30,600.00
dimaster,tender_med,006.001.364,ESOMEPRAZOL MAGNÉSICO 40 MG,Medicamentos,CPR,6000,1.00,6000.00
dimaster,tender_med,006.001.169,GLICLAZIDA 30MG LIBERAÇÃO PROLONGADA,Medicamentos,CPR,200000,0.12,24000.00
dimaster,tender_med,006.001.393,LACTULOSE 667MG/ML,Medicamentos,FRC,1000,3.69,3690.00
dimaster,tender_med,006.002.277,LEVOMEPROMAZINA 100MG,Medicamentos,CPR,20000,0.62,12400.00
dimaster,tender_med,006.001.215,NIFEDIPINO 20MG,Medicamentos,CPR,20000,0.09,1800.00
dimaster,tender_med,006.001.226,OXCARBAZEPINA 300MG,Medicamentos,CPR,10000,0.67,6700.00
dimaster,tender_med,006.001.233,PARACETAMOL+FOSFATO DE CODEINA 500/30MG,Medicamentos,CPR,50000,0.34,17000.00
dimaster,tender_med,006.001.425,RIFAMICINA SPRAY,Medicamentos,FRC,1000,4.14,4140.00
dimaster,tender_med,006.001.430,"SOL. CLORETO DE SÓDIO 0,9% S.F - I.V FRS/250 ML",Medicamentos,FRC,5000,3.80,19000.00
dimaster,tender_med,006.001.431,"SOL. CLORETO DE SÓDIO 0,9% S.F - I.V FRS/500 ML",Medicamentos,FRC,5000,4.37,21850.00
dimaster,tender_med,006.001.265,SULFADIAZINA DE PRATA CREME 10 MG/G TBS 50 G,Medicamentos,TUB,1000,6.48,6840.00
dimaster,tender_med,006.001.280,VENLAFAXINA 75 MG,Medicamentos,CPR,30000,0.339,10170.00
